periodo,tipo,nome,ticker,data_ini,data_fim,r_local,r_fx,r_usd
mes,bolsa,S&P 500,^GSPC,2026-07-31,2026-08-31,0.026225,0.0,0.026225
12m,bolsa,S&P 500,^GSPC,2025-08-29,2026-08-31,0.189757,0.0,0.189757
mes,bolsa,NASDAQ,^IXIC,2026-07-31,2026-08-31,0.039294,0.0,0.039294
12m,bolsa,NASDAQ,^IXIC,2025-08-29,2026-08-31,0.229094,0.0,0.229094
mes,bolsa,SSE Composite (CHN),000001.SS,2026-07-31,2026-08-31,0.040195,0.004312,0.04468
12m,bolsa,SSE Composite (CHN),000001.SS,2025-08-29,2026-08-31,0.033275,0.063485,0.098872
mes,bolsa,Shenzhen Index,399001.SZ,2026-07-31,2026-08-31,0.032114,0.004312,0.036564
12m,bolsa,Shenzhen Index,399001.SZ,2025-08-29,2026-08-31,0.103878,0.063485,0.173958
mes,bolsa,Hang Seng (HKG),^HSI,2026-07-31,2026-08-31,-0.012264,0.000389,-0.011879
12m,bolsa,Hang Seng (HKG),^HSI,2025-08-29,2026-08-31,0.019514,-0.005819,0.013582
mes,bolsa,TSEC Index (Taiwan),^TWII,2026-07-31,2026-08-31,0.069776,0.024315,0.095788
12m,bolsa,TSEC Index (Taiwan),^TWII,2025-08-29,2026-08-31,0.903532,-0.035831,0.835326
mes,bolsa,Nikkei (JPN),^N225,2026-07-31,2026-08-31,0.030296,0.000381,0.030689
12m,bolsa,Nikkei (JPN),^N225,2025-08-29,2026-08-31,0.552301,-0.083262,0.423054
mes,bolsa,KOSPI (KOR),^KS11,2026-07-31,2026-08-31,0.034049,0.031581,0.066705
12m,bolsa,KOSPI (KOR),^KS11,2025-08-29,2026-08-31,1.140615,0.005301,1.151962
mes,bolsa,Nifty 50 (IND),^NSEI,2026-07-31,2026-08-31,-0.012435,0.003192,-0.009282
12m,bolsa,Nifty 50 (IND),^NSEI,2025-08-29,2026-08-31,-0.014183,-0.081658,-0.094683
mes,bolsa,IDX Composite (IDN),^JKSE,2026-07-31,2026-08-31,0.046399,0.016401,0.063561
12m,bolsa,IDX Composite (IDN),^JKSE,2025-08-29,2026-08-31,-0.166658,-0.079142,-0.232611
mes,bolsa,ASX 200 (AUS),^AXJO,2026-07-31,2026-08-31,0.011051,0.019617,0.030885
12m,bolsa,ASX 200 (AUS),^AXJO,2025-08-29,2026-08-31,0.011468,0.096534,0.109109
mes,bolsa,Stoxx 50 (EUR),^STOXX50E,2026-07-31,2026-08-31,0.009775,0.005679,0.015509
12m,bolsa,Stoxx 50 (EUR),^STOXX50E,2025-08-29,2026-08-31,0.199642,-0.007927,0.190133
mes,bolsa,SMI (SUI),^SSMI,2026-07-31,2026-08-31,-0.004162,-0.003796,-0.007942
12m,bolsa,SMI (SUI),^SSMI,2025-08-29,2026-08-31,0.172212,-0.008963,0.161705
mes,bolsa,FTSE 100 (UK),^FTSE,2026-07-31,2026-08-27,-0.006956,0.005904,-0.001094
12m,bolsa,FTSE 100 (UK),^FTSE,2025-08-29,2026-08-27,0.174719,0.002167,0.177265
mes,bolsa,BIST 100 (TUR),XU100.IS,2026-07-31,2026-08-31,0.065091,-0.015452,0.048633
12m,bolsa,BIST 100 (TUR),XU100.IS,2025-08-29,2026-08-31,0.269842,-0.147292,0.082804
mes,bolsa,JSE Top 40 (ZAF),^J200.JO,2026-07-31,2026-08-31,0.053292,0.020488,0.074872
12m,bolsa,JSE Top 40 (ZAF),^J200.JO,2025-08-29,2026-08-31,0.154758,0.093522,0.262754
mes,bolsa,TSX (CAN),^GSPTSE,2026-07-31,2026-08-31,0.029648,0.008065,0.037953
12m,bolsa,TSX (CAN),^GSPTSE,2025-08-29,2026-08-31,0.269775,-0.010742,0.256136
mes,bolsa,IPC Mexico,^MXX,2026-07-31,2026-08-31,-0.022509,0.018434,-0.004489
12m,bolsa,IPC Mexico,^MXX,2025-08-29,2026-08-31,0.114488,0.095099,0.220474
mes,bolsa,Ibovespa,^BVSP,2026-07-31,2026-08-31,-0.003258,-0.021787,-0.024974
12m,bolsa,Ibovespa,^BVSP,2025-08-29,2026-08-31,0.254536,0.042726,0.308138
mes,bolsa,Merval (ARG),^MERV,2026-07-31,2026-08-31,-0.078228,-0.006491,-0.084212
12m,bolsa,Merval (ARG),^MERV,2025-08-29,2026-08-31,0.528506,-0.109917,0.360497
mes,moeda,Euro,EUR=X,2026-07-31,2026-08-31,,0.005679,0.005679
12m,moeda,Euro,EUR=X,2025-08-29,2026-08-31,,-0.007927,-0.007927
mes,moeda,Libra,GBP=X,2026-07-31,2026-08-31,,0.005904,0.005904
12m,moeda,Libra,GBP=X,2025-08-29,2026-08-31,,0.002167,0.002167
mes,moeda,Franco Suíço,CHF=X,2026-07-31,2026-08-31,,-0.003796,-0.003796
12m,moeda,Franco Suíço,CHF=X,2025-08-29,2026-08-31,,-0.008963,-0.008963
mes,moeda,Iene Japonês,JPY=X,2026-07-31,2026-08-31,,0.000381,0.000381
12m,moeda,Iene Japonês,JPY=X,2025-08-29,2026-08-31,,-0.083262,-0.083262
mes,moeda,Yuan Chinês,CNY=X,2026-07-31,2026-08-31,,0.004312,0.004312
12m,moeda,Yuan Chinês,CNY=X,2025-08-29,2026-08-31,,0.063485,0.063485
mes,moeda,Dólar Hong Kong,HKD=X,2026-07-31,2026-08-31,,0.000389,0.000389
12m,moeda,Dólar Hong Kong,HKD=X,2025-08-29,2026-08-31,,-0.005819,-0.005819
mes,moeda,Dólar Taiwan,TWD=X,2026-07-31,2026-08-31,,0.024315,0.024315
12m,moeda,Dólar Taiwan,TWD=X,2025-08-29,2026-08-31,,-0.035831,-0.035831
mes,moeda,Won Sul-Coreano,KRW=X,2026-07-31,2026-08-31,,0.031581,0.031581
12m,moeda,Won Sul-Coreano,KRW=X,2025-08-29,2026-08-31,,0.005301,0.005301
mes,moeda,Rupia Indiana,INR=X,2026-07-31,2026-08-31,,0.003192,0.003192
12m,moeda,Rupia Indiana,INR=X,2025-08-29,2026-08-31,,-0.081658,-0.081658
mes,moeda,Rupia Indonésia,IDR=X,2026-07-31,2026-08-31,,0.016401,0.016401
12m,moeda,Rupia Indonésia,IDR=X,2025-08-29,2026-08-31,,-0.079142,-0.079142
mes,moeda,Dólar Australiano,AUD=X,2026-07-31,2026-08-31,,0.019617,0.019617
12m,moeda,Dólar Australiano,AUD=X,2025-08-29,2026-08-31,,0.096534,0.096534
mes,moeda,Dólar Singapura,SGD=X,2026-07-31,2026-08-31,,0.005829,0.005829
12m,moeda,Dólar Singapura,SGD=X,2025-08-29,2026-08-31,,0.006049,0.006049
mes,moeda,Lira Turca,TRY=X,2026-07-31,2026-08-31,,-0.015452,-0.015452
12m,moeda,Lira Turca,TRY=X,2025-08-29,2026-08-31,,-0.147292,-0.147292
mes,moeda,Rublo Russo,RUB=X,2026-07-31,2026-08-31,,-0.063481,-0.063481
12m,moeda,Rublo Russo,RUB=X,2025-08-29,2026-08-31,,-0.054371,-0.054371
mes,moeda,Rand Sul-Africano,ZAR=X,2026-07-31,2026-08-31,,0.020488,0.020488
12m,moeda,Rand Sul-Africano,ZAR=X,2025-08-29,2026-08-31,,0.093522,0.093522
mes,moeda,Dólar Canadense,CAD=X,2026-07-31,2026-08-31,,0.008065,0.008065
12m,moeda,Dólar Canadense,CAD=X,2025-08-29,2026-08-31,,-0.010742,-0.010742
mes,moeda,Peso Mexicano,MXN=X,2026-07-31,2026-08-31,,0.018434,0.018434
12m,moeda,Peso Mexicano,MXN=X,2025-08-29,2026-08-31,,0.095099,0.095099
mes,moeda,Real Brasileiro,BRL=X,2026-07-31,2026-08-31,,-0.021787,-0.021787
12m,moeda,Real Brasileiro,BRL=X,2025-08-29,2026-08-31,,0.042726,0.042726
mes,moeda,Peso Argentino,ARS=X,2026-07-31,2026-08-31,,-0.006491,-0.006491
12m,moeda,Peso Argentino,ARS=X,2025-08-29,2026-08-31,,-0.109917,-0.109917
